{
    "mean_5km": 1658.1391126744581,
    "std_5km": 227.18024048724482,
    "mean_wiek": 41.07114489958017,
    "std_wiek": 56.81210278824807
}